{
  "project_info": {
    "project_number": "511449979585",
    "firebase_url": "https://myfcmpushtest-22.firebaseio.com",
    "project_id": "myfcmpushtest-22",
    "storage_bucket": "myfcmpushtest-22.appspot.com"
  },
  "client": [
    {
      "client_info": {
        "mobilesdk_app_id": "1:511449979585:android:b6e0226fb5decf0125d240",
        "android_client_info": {
          "package_name": "com.example.coals.myfcmpushtest_22"
        }
      },
      "oauth_client": [
        {
          "client_id": "511449979585-s7rdrlmcc0tsvb79nn0c0g7d02664k6d.apps.googleusercontent.com",
          "client_type": 3
        }
      ],
      "api_key": [
        {
          "current_key": "AIzaSyCfBWW3ZY-Y9zi1QWnQdd9qK92MOr0Dj_Q"
        }
      ],
      "services": {
        "appinvite_service": {
          "other_platform_oauth_client": [
            {
              "client_id": "511449979585-s7rdrlmcc0tsvb79nn0c0g7d02664k6d.apps.googleusercontent.com",
              "client_type": 3
            }
          ]
        }
      }
    }
  ],
  "configuration_version": "1"
}